{
	"__comment": "Designed by Sapix with BDcraft Cubik PRO for SapixCraft",
	"parent": "block/block",
	"ambientocclusion": false,
	"textures": {
		"particle": "blocks/torch",
		"torch": "blocks/torch"
	},
	"elements": [ 	 
		{
			"__comment": "torch",
			"from": [ 6.75, 6.5, 6.75 ],
			"to": [ 9.25, 10.5, 9.25 ],
			"shade": false,
			"faces": {
				"down": { "uv": [ 6.5, 9, 9.5, 5 ], "texture": "#torch", "cullface": "down" },
				"up": { "uv": [ 6.5, 5, 9.5, 9 ], "texture": "#torch" },
				"north": { "uv": [ 6.5, 5, 9.5, 9 ], "texture": "#torch" },
				"south": { "uv": [ 6.5, 5, 9.5, 9 ], "texture": "#torch" },
				"west": { "uv": [ 9.5, 5, 6.5, 9 ], "texture": "#torch" },
				"east": { "uv": [ 9.5, 5, 6.5, 9 ], "texture": "#torch" }
			}
		},
		{
			"__comment": "stick",
			"from": [ 7.25, 0, 7.25 ],
			"to": [ 8.75, 11, 8.75 ],
			"faces": {
				"down": { "uv": [ 7, 5, 9, 3 ], "texture": "#torch", "cullface": "down" },
				"up": { "uv": [ 7, 3, 9, 5 ], "texture": "#torch" },
				"north": { "uv": [ 7, 4.5, 9, 16 ], "texture": "#torch" },
				"south": { "uv": [ 7, 4.5, 9, 16 ], "texture": "#torch" },
				"west": { "uv": [ 7, 4.5, 9, 16 ], "texture": "#torch" },
				"east": { "uv": [ 7, 4.5, 9, 16 ], "texture": "#torch" }
			}
		}
	]
}