{
	"__comment": "Designed by Sapix with BDcraft Cubik PRO for SapixCraft",
	"ambientocclusion": false,
	"textures": {
		"fire": "blocks/torch_flame"
	},
	"elements": [ 	 
		{
			"__comment": "fire",
			"from": [ 1.5, 8, 5.5 ],
			"to": [ 1.5625, 22, 12.5 ],
			"rotation": { "origin": [ 1.5, 8, 5.5 ], "axis": "y", "angle": 45 },
			"shade": false,
			"faces": {
				"west": { "uv": [ 5, 0, 11, 16 ], "texture": "#fire" },
				"east": { "uv": [ 5, 0, 11, 16 ], "texture": "#fire" }
			}
		},
		{
			"__comment": "fire2",
			"from": [ 6.5, 7.25, 5.5 ],
			"to": [ 6.5625, 21.25, 12.5 ],
			"rotation": { "origin": [ 6.5, 7.25, 5.5 ], "axis": "y", "angle": -45 },
			"shade": false,
			"faces": {
				"west": { "uv": [ 5, 0, 11, 16 ], "texture": "#fire" },
				"east": { "uv": [ 5, 0, 11, 16 ], "texture": "#fire" }
			}
		}
	]
}